,Rank,Name,Skill Score,Expected Possible Players Remaining
0,1,Ryan Zeferjahn,99.9,30.622123
1,2,Mitch Spence,99.8,30.67706
2,2,Anthony Maldonado,99.8,30.67706
3,4,Logan VanWey,99.7,30.688938
4,5,Jonathan Pintaro,99.6,30.721604
5,6,Nathan Wiles,99.6,30.731997
6,7,Kyle Nicolas,99.4,30.764662
7,7,Carmen Mlodzinski,99.4,30.764662
8,9,Matt Svanson,99.3,30.77951
9,10,Beau Brieske,99.2,30.843356
10,10,Brenan Hanifee,99.2,30.843356
11,12,Tyler Phillips,99.1,30.871566
12,13,Mason Thompson,99.0,30.893838
13,14,Brett de Geus,99.0,30.920564
14,15,Freddy Tarnok,98.9,30.98144
15,16,Max Lazar,98.7,30.990349
16,16,Michael Mercado,98.7,30.990349
17,16,Seth Johnson,98.7,30.990349
18,19,Chase Lee,98.6,31.005197
19,20,Gavin Hollowell,98.5,31.024499
25,21,Michael Darrell-Hicks,98.1,31.080921
24,21,Jackson Rutledge,98.1,31.080921
23,21,Cole Henry,98.1,31.080921
20,21,Zach Brzykcy,98.1,31.080921
21,21,Ryan Loutos,98.1,31.080921
22,21,Clayton Beeter,98.1,31.080921
26,27,Ryan Fernandez,98.0,31.094284
27,28,Easton McGee,97.9,31.12101
28,29,Aaron Ashby,97.8,31.138827
29,30,Zak Kent,97.7,31.161099
30,30,Hunter Gaddis,97.7,31.161099
31,32,Jordan Leasure,97.6,31.196733
33,33,Justin Slaten,97.5,31.22049
32,33,Josh Winckowski,97.5,31.22049
34,35,Eric Orze,97.3,31.268003
35,35,Kevin Kelly,97.3,31.268003
36,35,Hunter Bigge,97.3,31.268003
37,38,Kade Strowd,97.1,31.275427
38,38,Colin Selby,97.1,31.275427
39,40,Drey Jameson,97.0,31.28879
40,41,Carson Seymour,97.0,31.314031
42,42,Ben Casparius,96.8,31.325909
41,42,Matt Sauer,96.8,31.325909
43,44,Jack Dreyer,96.7,31.340757
44,45,Mason Miller,96.7,31.364514
45,46,Hunter Stratton,96.6,31.708983
46,47,Bryan King,96.5,31.738679
47,48,Hogan Harris,96.4,31.744618
48,49,Justin Sterner,96.4,31.749072
51,50,Justin Hagenman,96.1,31.762435
52,50,Max Kranick,96.1,31.762435
49,50,Ty Adcock,96.1,31.762435
50,50,Alex Carrillo,96.1,31.762435
53,54,Casey Legumina,95.9,31.821826
54,54,Jackson Kowar,95.9,31.821826
55,56,Jonathan Bowlan,95.8,31.860431
56,57,Braydon Fisher,95.8,31.861915
57,58,Cole Sands,95.6,31.93467
58,58,Noah Davis,95.6,31.93467
59,60,Cole Winn,95.5,31.942094
60,61,Nic Enright,95.5,32.005939
61,62,Sam Bachman,95.4,32.043059
63,63,Grant Holman,95.2,32.047513
62,63,Jack Perkins,95.2,32.047513
64,65,Craig Yoho,95.2,32.083148
65,66,Andre Granillo,95.0,32.097996
66,66,Gordon Graceffo,95.0,32.097996
67,68,Dylan Smith,95.0,32.16778
68,69,Tony Santillan,94.9,32.175204
69,70,Ethan Roberts,94.7,32.203415
70,70,Nate Pearson,94.7,32.203415
71,72,Sean Hjelle,94.7,32.233111
72,73,Mason Black,94.6,32.247958
73,74,Ryan Rolison,94.5,32.249443
74,75,Jaden Hill,94.2,32.259837
75,75,Victor Vodnik,94.2,32.259837
76,75,Seth Halvorsen,94.2,32.259837
77,75,Chris Roycroft,94.2,32.259837
78,79,Will Klein,94.1,32.267261
79,79,Paul Gervase,94.1,32.267261
80,81,Jake Woodford,94.0,32.286563
81,82,Nick Mears,93.8,32.305865
82,82,Grant Anderson,93.8,32.305865
83,84,Travis Adams,93.8,32.319228
84,85,Andrew Hoffmann,93.7,32.320713
85,86,Bryan Hoeing,93.6,32.323682
86,87,David Morgan,93.5,32.350408
87,88,Jordan Hicks,93.5,32.37268
88,89,Owen White,93.4,32.402376
89,90,Nick Sandlin,93.3,32.449889
90,91,Brady Basso,93.2,32.570156
91,92,Hayden Wesneski,93.2,32.573125
92,93,George Kirby,93.1,32.651819
94,94,Carson Spiers,92.9,33.091314
93,94,Sam Benschoter,92.9,33.091314
95,96,Brandon Williamson,92.9,33.103192
96,97,Declan Cronin,92.8,33.238307
97,98,Josiah Gray,92.7,33.247216
98,99,Braxton Garrett,92.7,33.25464
99,100,Matt Manning,92.5,33.268003
100,100,Nolan Hoffman,92.5,33.268003
101,102,Alek Manoah,92.4,33.279881
102,103,Reid Detmers,92.4,33.28582
103,104,Dustin May,92.3,33.287305
104,105,Ryan Pepiot,92.2,33.324425
105,106,Shane Baz,92.1,33.327394
106,107,Will Warren,92.1,33.358575
107,108,J.T. Ginn,92.0,33.370453
108,109,Houston Roth,91.9,33.377877
109,110,Hunter Brown,91.8,33.416481
110,111,Brandon Young,91.8,33.420935
111,112,Ryne Nelson,91.7,33.437268
112,113,Emerson Hancock,91.5,33.438753
113,113,Bryce Miller,91.5,33.438753
114,115,Kyle Hurt,91.5,33.478842
115,116,Dylan Dodd,91.4,33.551596
116,117,Keaton Winn,91.2,33.56199
117,117,Carson Ragsdale,91.2,33.56199
118,119,Tobias Myers,91.1,33.602079
119,119,Chad Patrick,91.1,33.602079
120,121,Andre Pallante,91.0,33.636229
121,122,DL Hall,90.9,33.646622
122,123,Cade Gibson,90.7,33.704529
123,123,Anthony Veneziano,90.7,33.704529
124,123,Josh Simpson,90.7,33.704529
125,126,Sawyer Gipson-Long,90.6,33.722346
126,127,Konnor Pilkington,90.6,33.752042
127,128,Bailey Horn,90.5,33.753526
128,129,Christian Scott,90.4,33.772829
129,130,Ian Seymour,90.3,33.799555
130,131,Alec Marsh,90.3,33.806978
131,132,Logan Gilbert,90.2,33.845583
132,133,Jake Eder,90.1,33.847068
133,134,Jayvien Sandridge,90.1,33.867854
135,135,Spencer Strider,89.9,33.890126
134,135,Bryce Elder,89.9,33.890126
136,137,Ryan Gusto,89.8,33.910913
137,138,Fraser Ellard,89.6,33.96882
138,138,Brandon Eisert,89.6,33.96882
139,138,Jared Shuster,89.6,33.96882
140,141,Brant Hurter,89.5,33.970304
141,142,Graham Ashcraft,89.5,34.013363
142,143,Joe La Sorsa,89.4,34.028211
143,144,Jake Irvin,89.3,34.050483
144,145,Kolby Allard,89.2,34.072754
145,145,Davis Daniel,89.2,34.072754
146,147,Connor Thomas,89.1,34.083148
147,148,Cade Cavalli,89.0,34.084633
148,149,Jack Little,88.9,34.108389
149,150,Jacob Latz,88.8,34.13363
150,150,Robert Garcia,88.8,34.13363
151,152,Ryan Feltner,88.7,34.141054
152,153,Alek Jacob,88.6,34.17075
153,153,Sean Reynolds,88.6,34.17075
154,155,Logan Webb,88.5,34.172235
155,156,Shawn Dubin,88.4,34.173719
157,157,Joey Gerber,88.3,34.195991
156,157,Brian Van Belle,88.3,34.195991
158,159,Michael Grove,88.2,34.197476
159,160,Erik Miller,88.1,34.2049
160,161,Bryce Jarvis,88.0,34.210839
161,162,Andrew Saalfrank,87.9,34.212324
162,162,Kyle Backhus,87.9,34.212324
163,164,Kyle Bradish,87.8,34.219748
164,165,Collin Snider,87.8,34.233111
165,166,Caleb Ferguson,87.7,34.242019
166,167,Landen Roupp,87.6,34.246474
167,168,Brandon Pfaadt,87.5,34.253898
168,169,Jeff Criswell,87.5,34.256867
169,170,Matt Waldron,87.4,34.259837
170,171,Gavin Stone,87.2,34.261321
171,171,Nick Frasso,87.2,34.261321
172,171,River Ryan,87.2,34.261321
173,174,Casey Mize,87.1,34.276169
174,175,Brady Singer,87.0,34.291017
175,176,Tarik Skubal,86.9,34.293987
176,177,Chris Murphy,86.9,34.320713
178,178,Louis Varland,86.7,34.3415
177,178,Paxton Schultz,86.7,34.3415
179,180,James McArthur,86.6,34.436526
180,180,Stephen Kolek,86.6,34.436526
181,182,Brent Headrick,86.5,34.44395
182,183,Austin Cox,86.4,34.452858
183,184,Brock Burke,86.3,34.455828
184,184,Bailey Falter,86.3,34.455828
185,186,Daniel Lynch IV,86.2,34.522643
186,187,Reese Olson,86.1,34.589458
187,188,Kody Funderburk,86.0,34.613215
188,189,Tim Herrin,86.0,34.666667
189,190,Codi Heuer,85.9,34.675575
190,191,Austin Warren,85.8,34.74536
191,192,Calvin Faucher,85.7,34.791388
192,193,Slade Cecconi,85.6,34.876021
193,193,Tanner Bibee,85.6,34.876021
194,195,Eli Morgan,85.5,34.883445
195,196,Mason Montgomery,85.4,34.889384
196,196,Joe Rock,85.4,34.889384
197,198,Logan Allen,85.3,34.901262
198,199,Jordan Wicks,85.2,34.905716
199,200,Colin Holderman,85.2,34.95026
200,201,Chase Silseth,85.1,34.960653
201,202,Braxton Ashcraft,85.0,34.969562
202,203,Jack Leiter,84.9,34.999258
203,203,Kumar Rocker,84.9,34.999258
204,205,Richard Fitts,84.7,35.006682
205,205,Hunter Dobbins,84.7,35.006682
206,207,Joe Boyle,84.6,35.063103
207,208,AJ Blubaugh,84.5,35.077951
208,208,Spencer Arrighetti,84.5,35.077951
209,210,Tommy Henry,84.4,35.112101
210,211,Bryan Woo,84.3,35.172977
211,212,Michael Kopech,84.3,35.195249
212,213,Ben Brown,84.1,35.201188
213,213,Jack Neely,84.1,35.201188
214,215,Spencer Schwellenbach,84.0,35.224944
215,216,Hunter Greene,84.0,35.235338
216,217,Ryan Walker,83.8,35.236823
217,217,Tristan Beck,83.8,35.236823
218,219,Mike Burrows,83.7,35.278396
219,220,JoJo Romero,83.7,35.28582
220,221,Evan Sisk,83.6,35.309577
221,222,Justin Wrobleski,83.5,35.315516
222,223,Chase Shugart,83.4,35.318486
223,224,Bryan Hudson,83.4,35.321455
224,225,Ryan Weathers,83.3,35.328879
225,226,Brandyn Garcia,83.2,35.334818
226,227,Brad Lord,83.1,35.478842
227,228,Grant Wolfram,83.1,35.507053
228,229,Justin Bruihl,82.9,35.517446
229,229,Brendon Little,82.9,35.517446
230,231,Mike Vasil,82.9,35.530809
231,232,Cody Bradford,82.8,35.676318
232,233,Cooper Criswell,82.6,35.757981
233,233,Garrett Whitlock,82.6,35.757981
234,235,Corbin Martin,82.5,35.82925
235,235,Scott Blewett,82.5,35.82925
236,237,Connor Seabold,82.4,35.833705
237,238,Jacob Lopez,82.3,35.844098
238,238,Ken Waldichuk,82.3,35.844098
240,240,Jake Bird,82.1,35.899035
239,240,Allan Winans,82.1,35.899035
241,242,Emmet Sheehan,82.0,36.262806
242,243,Ty Madden,82.0,36.286563
243,244,Ryan Bergert,81.9,36.329621
244,245,Connor Brogdon,81.8,36.424647
245,246,David Festa,81.6,36.452858
246,246,Zebby Matthews,81.6,36.452858
247,246,Pierson Ohl,81.6,36.452858
249,249,Jonathan Cannon,81.4,36.507795
248,249,Shane Smith,81.4,36.507795
250,249,Sean Burke,81.4,36.507795
251,252,Colton Gordon,81.3,36.512249
252,253,Nick Hernandez,81.2,36.524128
253,254,Joey Wentz,81.1,36.538976
254,255,Will Vest,81.1,36.555308
255,256,Hunter Harvey,80.9,36.580549
256,256,Thomas Hatch,80.9,36.580549
257,258,Nick Lodolo,80.8,36.601336
258,259,Zack Thompson,80.8,36.669636
259,260,Anthony Misiewicz,80.7,36.699332
260,261,Steven Wilson,80.6,36.71418
261,262,Griffin Canning,80.5,36.74536
262,263,Brad Keller,80.5,36.798812
263,264,Isaac Mattson,80.3,36.818114
264,264,Garrett Crochet,80.3,36.818114
265,266,Riley O'Brien,80.3,36.835932
266,267,Janson Junk,80.2,36.910171
267,268,Brandon Walter,80.1,36.929473
268,269,Zack Littell,80.0,36.968077
269,270,Chayce McDermott,80.0,36.98441
270,271,Mitch Keller,79.9,36.991834
271,272,Tanner Gordon,79.8,36.993318
272,273,Andrew Abbott,79.7,37.005197
273,274,Trevor Rogers,79.7,37.031923
274,275,Jason Foley,79.4,37.085375
275,275,Alex Lange,79.4,37.085375
276,275,Chris Paddack,79.4,37.085375
277,275,Jack Flaherty,79.4,37.085375
278,279,Robert Gasser,79.3,37.089829
279,280,PJ Poulin,79.2,37.11804
280,281,Kyle Wright,79.1,37.134373
281,282,Dane Dunning,79.1,37.192279
284,283,Anthony Bender,78.8,37.242762
282,283,Tyler Zuber,78.8,37.242762
283,283,Lake Bachar,78.8,37.242762
285,286,Joe Ryan,78.8,37.248701
286,287,Evan Phillips,78.7,37.250186
287,288,Andrew Nardi,78.6,37.270973
288,289,Max Meyer,78.5,37.273942
289,290,Connor Phillips,78.5,37.32294
290,291,Zac Gallen,78.4,37.382331
291,292,Cole Ragans,78.2,37.395694
292,292,Kris Bubic,78.2,37.395694
293,294,MacKenzie Gore,78.2,37.42539
294,295,Thomas Harrington,78.1,37.435783
295,296,Ron Marinaccio,78.0,37.440238
296,297,Tyler Owens,78.0,37.484781
297,298,Dugan Darnell,77.9,37.52784
298,299,Orion Kerkering,77.8,37.529324
299,300,Zach Penrod,77.7,37.55605
300,301,Landon Knack,77.7,37.575353
301,302,Sean Guenther,77.5,37.582777
302,302,Tyler Holton,77.5,37.582777
303,304,Dylan Cease,77.4,37.606533
304,305,JP Sears,77.4,37.609503
305,306,Marc Church,77.3,37.659985
306,307,Ben Joyce,77.2,37.741648
307,308,Easton Lucas,77.1,37.756496
308,309,Shane McClanahan,77.1,37.757981
309,310,Patrick Sandoval,77.0,37.76392
310,311,Andrew Walters,76.9,37.790646
311,312,Greg Weissert,76.8,37.79807
312,312,Zack Kelly,76.8,37.79807
314,314,Davis Martin,76.6,37.808463
313,314,Gus Varland,76.6,37.808463
315,316,Bobby Miller,76.5,37.867854
316,317,Kutter Crawford,76.2,37.90052
317,317,Tanner Houck,76.2,37.90052
318,317,Bryan Baker,76.2,37.90052
319,317,Griffin Jax,76.2,37.90052
320,321,Bowden Francis,76.2,37.93467
321,322,Devin Williams,76.0,37.940609
322,322,Ian Hamilton,76.0,37.940609
323,324,Alex Faedo,75.9,37.951002
324,325,Tom Cosgrove,75.9,37.985152
325,326,Dean Kremer,75.8,37.998515
326,327,Clarke Schmidt,75.7,38.007424
327,328,Tyler Mahle,75.6,38.044543
328,329,J.P. France,75.6,38.169265
329,330,Gunnar Hoglund,75.5,38.181143
330,331,Zach Agnos,75.4,38.23905
331,332,Alex Vesia,75.4,38.3415
332,333,Noah Cameron,75.3,38.530067
333,334,Gavin Williams,75.2,38.651819
334,335,Tylor Megill,75.1,38.666667
335,336,Aaron Civale,75.1,38.703786
336,337,Bailey Ober,75.0,38.727543
337,338,Corbin Burnes,74.9,38.766147
338,339,Nate Lavender,74.8,38.775056
339,340,Matthew Liberatore,74.8,38.871566
340,341,Michael McGreevy,74.7,38.874536
341,342,Cade Povich,74.6,38.929473
342,343,Grayson Rodriguez,74.5,38.942836
343,344,Mitchell Parker,74.5,38.95026
344,345,Michael King,74.4,39.036377
345,346,Shane Bieber,74.3,39.216036
346,347,Eric Lauer,74.2,39.226429
347,348,Drew Rasmussen,74.2,39.247216
348,349,Tyler Wells,74.1,39.268003
349,350,Ben Bowden,74.0,39.56199
350,351,Lucas Erceg,73.9,39.576837
351,352,Bennett Sousa,73.9,39.588716
352,353,Sam Long,73.8,39.599109
353,354,Gabe Speier,73.7,39.646622
354,355,Matt Krook,73.6,39.876763
355,356,John King,73.6,40.083148
356,357,David Peterson,73.5,40.285078
357,358,Daniel Robert,73.4,40.332591
358,359,Josh Walker,73.3,40.371195
359,360,Grant Holmes,73.3,40.37268
360,361,Luke Little,73.2,40.389013
361,362,A.J. Puk,73.1,40.402376
362,363,Ky Bush,73.1,40.451373
363,364,Doug Nikhazy,72.9,40.478099
364,364,Joey Cantillo,72.9,40.478099
365,366,Ian Gibaut,72.8,41.159614
366,367,Sam Hentges,72.8,41.205642
367,368,Keegan Akin,72.7,41.221975
368,369,David Bednar,72.6,41.241277
369,370,Kyle Nelson,72.5,41.263549
370,371,Chris Flexen,72.4,41.302153
371,371,Brooks Kriske,72.4,41.302153
372,373,Jared Koenig,72.3,41.324425
373,374,Cam Schlittler,72.2,41.496659
374,375,Tyler Ferguson,72.2,41.563474
375,376,Jake Bloss,72.1,41.588716
376,377,Jacob Webb,71.9,41.605048
377,377,Caleb Boushley,71.9,41.605048
378,379,Carson Fulmer,71.9,41.646622
379,380,Joe Jacques,71.8,41.6585
380,381,John Schreiber,71.7,41.671863
381,382,Trent Thornton,71.6,41.673348
382,383,Quinn Priester,71.6,41.838159
383,384,Tyler Alexander,71.5,41.899035
384,385,Steven Cruz,71.4,42.219748
385,386,Logan Evans,71.3,42.23905
386,387,Emmanuel Clase,71.3,42.262806
387,388,Justin Steele,71.2,42.279139
388,389,Adam Mazur,71.1,42.30735
389,390,Spencer Bivens,71.0,42.436526
390,391,Jimmy Herget,71.0,42.467706
391,392,DJ Herz,70.9,42.524128
392,393,Tanner Scott,70.8,42.571641
393,394,Elvis Alvarado,70.7,42.662212
394,394,Eduarniel Núñez,70.7,42.662212
395,396,Ryan Helsley,70.5,42.697847
396,396,Rico Garcia,70.5,42.697847
397,396,Justin Garza,70.5,42.697847
398,399,Jhoan Duran,70.4,42.715664
399,400,Pete Fairbanks,70.3,42.733482
400,401,Cody Poteet,70.2,42.737936
401,402,Ryan Burr,70.2,42.760208
402,403,Garrett Cleavinger,70.1,42.773571
403,404,Robinson Piña,70.0,42.81366
404,405,George Soriano,69.9,42.81663
405,406,JT Brubaker,69.7,42.84484
406,406,Luke Weaver,69.7,42.84484
407,406,Scott Effross,69.7,42.84484
408,409,Edwin Uceta,69.6,42.938382
409,410,Elvin Rodríguez,69.6,42.951745
410,411,Troy Melton,69.5,42.975501
411,412,Yerry De los Santos,69.4,42.991834
412,413,Blade Tidwell,69.3,43.126949
413,413,Trevor McDonald,69.3,43.126949
414,415,Simeon Woods Richardson,69.1,43.247216
415,415,Taj Bradley,69.1,43.247216
416,417,Bradley Blalock,69.0,43.28582
417,418,Josh Sborz,69.0,43.380846
418,419,Juan Mejia,68.9,43.645137
419,420,Randy Rodríguez,68.8,43.691166
421,421,Juan Burgos,68.7,43.711952
420,421,Christian Montes De Oca,68.7,43.711952
422,423,Bryan Abreu,68.6,43.818857
423,424,Michel Otañez,68.5,43.956941
424,425,Jesse Scholtens,68.4,44.011878
425,426,Jeremiah Estrada,68.4,44.041574
426,427,Paul Blackburn,68.2,44.130661
427,427,Drew Smith,68.2,44.130661
428,429,Mason Fluharty,68.2,44.152932
429,430,Ronny Henriquez,68.1,44.27023
431,431,Lucas Giolito,67.9,44.289532
430,431,Walker Buehler,67.9,44.289532
432,433,Mason Englert,67.9,44.316258
433,434,Carlos Vargas,67.7,44.3415
434,434,Gregory Santos,67.7,44.3415
435,436,Hayden Birdsong,67.6,44.427617
436,437,Zach Eflin,67.6,44.429102
437,438,Jake Cousins,67.5,44.479584
438,439,Abner Uribe,67.4,44.481069
439,440,Roddery Muñoz,67.3,44.504826
440,441,Grant Taylor,67.3,44.516704
441,442,Scott Barlow,67.2,44.568671
442,443,Tony Gonsolin,67.0,44.693393
443,443,Elvis Peguero,67.0,44.693393
444,445,Camilo Doval,67.0,44.855234
445,446,Trevor Megill,66.9,44.982925
446,447,Lyon Richardson,66.8,45.014105
447,448,Ryan Borucki,66.7,45.054195
448,449,Jhony Brito,66.6,45.08686
449,449,Taylor Clarke,66.6,45.08686
450,451,Troy Taylor,66.5,45.177431
451,452,Dan Altavilla,66.4,45.236823
452,453,Edward Cabrera,66.3,45.242762
453,453,Kyle Leahy,66.3,45.242762
454,455,Nick Burdi,66.2,45.259094
455,456,José Soriano,66.1,45.266518
456,457,Josh Hader,66.1,45.28582
457,458,Jakob Junis,65.9,45.371938
458,458,Matt Festa,65.9,45.371938
459,460,Jeff Hoffman,65.9,45.383816
460,461,Luis Gil,65.8,45.385301
461,462,Eduardo Salazar,65.7,45.42242
462,463,Jack Kochanowicz,65.6,45.469933
463,464,Phil Maton,65.6,45.501114
464,465,Luis Medina,65.5,45.510022
465,466,Michael Kelly,65.4,45.512992
466,467,Robert Stephenson,65.3,45.582777
467,468,Tyler Gilbert,65.3,45.600594
468,469,Julian Aguiar,65.2,45.720861
469,470,John Curtiss,65.1,45.753526
470,471,Brayan Bello,65.0,45.790646
471,472,Cristian Javier,65.0,45.912398
472,473,Reed Garrett,64.9,46.084633
473,474,Dylan Lee,64.7,46.112843
474,474,Aaron Bummer,64.7,46.112843
475,476,Joe Ross,64.7,46.132146
476,477,Adrian Houser,64.6,46.222717
477,478,José Buttó,64.5,46.356347
478,479,Juan Morillo,64.4,46.359317
479,480,Danny Young,64.2,46.390497
480,480,A.J. Minter,64.2,46.390497
481,480,Brandon Waddell,64.2,46.390497
482,483,Randy Vásquez,64.1,46.467706
483,484,Kevin Ginkel,64.1,46.478099
484,485,Anthony Banda,64.0,46.492947
485,486,Jason Alexander,63.9,46.628062
486,487,Daniel Palencia,63.8,46.770601
487,488,Luis L. Ortiz,63.8,47.057164
488,489,Shea Langeliers,63.7,47.104677
489,490,Clay Holmes,63.6,47.290275
490,491,Erick Fedde,63.5,47.328879
491,492,Blake Walston,63.5,47.42242
493,493,Aaron Nola,63.3,47.447661
492,493,Taijuan Walker,63.3,47.447661
494,495,Joe Musgrove,63.3,47.471418
495,496,Carson Whisenhunt,63.2,47.486266
496,497,Lance McCullers Jr.,63.1,47.541203
497,498,Carlos Hernández,63.0,47.631774
498,499,Carson Palmquist,63.0,47.643653
499,500,Julian Fernández,62.9,47.844098
500,501,Drew Thorpe,62.8,47.942094
501,502,Korey Lee,62.7,47.979213
502,503,Rolddy Muñoz,62.6,48.051967
503,503,Domingo Gonzalez,62.6,48.051967
504,505,Maverick Handley,62.5,48.161841
505,506,Devin Sweet,62.4,48.193022
506,507,Jordan Westburg,62.4,48.384558
507,508,Jose A. Ferrer,62.3,48.420193
508,509,Enyel De Los Santos,62.2,48.500371
509,510,Génesis Cabrera,62.1,48.522643
510,511,Josh Jung,62.1,48.61173
511,512,Dedniel Núñez,62.0,48.613215
512,513,Dillon Dingler,61.9,48.631032
513,514,Will Wilson,61.8,48.755754
514,515,Dennis Santana,61.8,48.761693
515,516,Braxton Fulford,61.7,48.895323
516,517,Brett Harris,61.6,48.898293
517,518,Samad Taylor,61.5,48.98144
518,519,Tyler Tolbert,61.5,48.985895
519,520,Jahmai Jones,61.4,48.993318
520,521,Luis Campusano,61.3,49.009651
521,522,Willie MacIver,61.2,49.024499
522,523,Hayden Senger,61.2,49.069042
523,524,Max Fried,61.1,49.103192
524,525,Casey Schmitt,61.0,49.110616
525,526,Austin Gomber,61.0,49.168523
526,527,Carson McCusker,60.9,49.229399
527,528,Christian Koss,60.7,49.282851
528,528,Tyler Fitzgerald,60.7,49.282851
529,530,Tyler Glasnow,60.7,49.339272
530,531,Brenton Doyle,60.6,49.345212
531,532,Ryan Vilade,60.4,49.349666
532,532,Blake Dunn,60.4,49.349666
533,534,Osvaldo Bido,60.4,49.382331
535,535,Kyle Finnegan,60.2,49.471418
534,535,Luke Jackson,60.2,49.471418
536,537,Sean Newcomb,60.1,49.474388
537,538,Kyle Harrison,60.1,49.508537
538,539,Jack Winkler,60.0,49.553081
539,540,Tayler Saucedo,59.9,49.56199
540,541,Prelander Berroa,59.8,49.600594
541,542,Eric Wagaman,59.8,49.606533
542,543,Yaramil Hiraldo,59.7,49.621381
543,544,Jared Triolo,59.6,49.633259
544,545,Jonny DeLuca,59.5,49.634744
545,546,Joey Ortiz,59.5,49.640683
546,547,Ryan Jeffers,59.4,49.649592
547,548,Luis Contreras,59.3,49.664439
548,549,Royce Lewis,59.2,49.676318
549,550,Nick Gonzales,59.2,49.689681
550,551,Billy Cook,59.1,49.72977
551,552,Eduard Bazardo,59.0,49.735709
552,553,Ryan Kreidler,58.9,49.747587
553,554,Logan O'Hoppe,58.9,49.755011
554,555,Bo Bichette,58.8,49.765405
555,556,Tyler Freeman,58.7,49.812918
557,557,Matt Gage,58.6,49.814402
556,557,Joey Lucchesi,58.6,49.814402
558,559,Tyler Stephenson,58.5,49.835189
559,560,Chad Stevens,58.4,49.848552
560,561,Miguel Castro,58.3,49.893096
561,561,Jalen Beeks,58.3,49.893096
562,563,Hurston Waldrep,58.2,49.915367
563,564,Bryce Teodosio,58.1,49.9317
564,565,Jo Adell,58.1,49.942094
565,566,Davis Schneider,58.0,49.961396
566,567,Joey Bart,57.9,50.077209
567,568,Nick Allen,57.8,50.095026
568,569,Nick Fortes,57.8,50.117298
569,570,Nate Eaton,57.7,50.1366
570,571,Henry Davis,57.6,50.178174
571,572,Cade Horton,57.5,50.23905
572,573,Lazaro Estrada,57.5,50.247958
573,574,Paul Skenes,57.4,50.282108
574,575,Jonathan India,57.3,50.283593
575,576,Justin Foscue,57.2,50.295471
576,577,Rhett Lowder,57.2,50.317743
577,578,Tim Tawa,57.1,50.325167
578,579,Sandy Alcantara,57.0,50.345954
579,580,Brandon Woodruff,56.9,50.351893
580,581,Cristopher Sánchez,56.9,50.36971
581,582,Jordan Montgomery,56.8,50.37268
582,583,Jhonathan Díaz,56.7,50.374165
583,584,Spencer Steer,56.6,50.384558
584,585,Logan Henderson,56.5,50.394952
585,585,Jacob Misiorowski,56.5,50.394952
586,587,Blaze Alexander,56.4,50.44395
587,588,Kaleb Ort,56.3,50.452858
589,589,Jeff Brigham,56.2,50.460282
588,589,Ryan Thompson,56.2,50.460282
590,591,Brendan Rodgers,56.1,50.47513
591,592,Jon Gray,56.1,50.484039
592,593,Joey Estes,56.0,50.487008
593,594,Nick Madrigal,55.9,50.50631
594,595,Hunter Goodman,55.8,50.522643
595,596,Austin Riley,55.8,50.527097
596,597,Andrew Vaughn,55.7,50.565702
597,598,Tekoah Roby,55.6,50.592428
598,599,Jason Adam,55.5,50.596882
599,600,Freddy Peralta,55.5,50.60876
600,601,Alec Bohm,55.4,50.634001
601,602,Jackson Jobe,55.3,50.682999
602,603,Dauri Moreta,55.2,50.690423
603,604,Shay Whitcomb,55.2,50.702301
604,605,Max Schuemann,55.1,50.705271
605,606,Brusdar Graterol,55.0,50.712695
606,607,Tim Elko,54.9,50.746845
607,608,Luis Guerrero,54.9,50.801782
608,609,Jeffrey Springs,54.8,50.806236
609,610,Ke'Bryan Hayes,54.7,50.876021
611,611,Tanner Banks,54.6,50.896808
610,611,Matt Strahm,54.6,50.896808
612,613,Luke Williams,54.5,50.935412
613,614,Connor Kaiser,54.4,50.942836
614,615,Orlando Ribalta,54.3,50.98441
615,616,Matt Vierling,54.3,51.01559
616,617,Mick Abel,54.2,51.021529
617,618,Jacob Young,54.1,51.04974
618,619,Yosver Zulueta,54.0,51.082405
619,620,Joey Wiemer,53.9,51.08389
620,620,Nick Loftin,53.9,51.08389
621,622,Jameson Taillon,53.8,51.100223
622,623,Chase Dollander,53.7,51.15219
623,624,Blaine Crim,53.7,51.172977
624,625,Yohan Ramírez,53.6,51.201188
625,626,Jordyn Adams,53.5,51.268003
626,627,Nico Hoerner,53.5,51.272457
627,628,Carlos Rodón,53.4,51.318486
628,629,Justin Martinez,53.3,51.35709
629,630,Luis Mey,53.2,51.363029
630,631,Austin Martin,53.2,51.373422
631,632,Mark Vientos,53.1,51.419451
632,633,Jeremiah Jackson,53.0,51.472903
633,634,Connor Norby,52.9,51.683742
634,635,Andrés Muñoz,52.9,51.700074
635,636,Austin Wells,52.8,51.717892
636,637,Ryan Yarbrough,52.7,51.720861
637,638,Cam Devanney,52.6,51.740163
638,639,Matt Brash,52.6,51.778768
639,640,Justyn-Henry Malloy,52.5,51.847068
640,641,Ben Cowles,52.4,51.879733
641,642,Kyle Freeland,52.3,51.903489
642,643,Trey Lipscomb,52.3,51.943578
643,644,Caleb Durbin,52.2,51.952487
644,645,Otto Kemp,52.1,51.977728
645,646,Daysbel Hernández,52.0,52.007424
646,647,Jonathan Ornelas,52.0,52.043059
647,648,Jorge Alcala,51.9,52.048998
648,649,Blake Snell,51.8,52.06533
649,650,Brandon Lockridge,51.7,52.081663
650,651,Logan Driscoll,51.7,52.108389
651,652,Seranthony Domínguez,51.6,52.145509
652,653,Matt McLain,51.5,52.163326
653,654,Romy Gonzalez,51.4,52.169265
654,655,Félix Bautista,51.4,52.179659
655,656,Ryan Mountcastle,51.3,52.231626
656,657,Spencer Torkelson,51.2,52.250928
657,658,Kyle Hart,51.2,52.262806
658,659,Alan Rangel,51.1,52.268745
659,660,Zack Gelof,51.0,52.302895
660,661,John Means,50.9,52.314774
661,662,Luken Baker,50.9,52.40683
662,663,Ryan Bliss,50.8,52.445434
663,664,Riley Adams,50.7,52.500371
664,665,Bobby Witt Jr.,50.6,52.537491
665,666,Will Wagner,50.6,52.558278
666,667,Josh Smith,50.5,52.616184
667,668,Cade Smith,50.4,52.635486
668,669,Zach Dezenzo,50.3,52.64291
669,670,Bryson Stott,50.3,52.962138
670,671,Trevor Williams,50.2,52.965108
671,672,Erik Sabrowski,50.1,52.972532
672,673,Sean Manaea,50.0,53.011136
673,674,Christian Encarnacion-Strand,50.0,53.023014
674,675,Angel Zerpa,49.9,53.064588
675,676,Michael Lorenzen,49.8,53.269488
676,677,Dominic Canzone,49.7,53.355605
677,678,Yariel Rodríguez,49.7,53.365999
678,679,Michael Massey,49.6,53.374907
679,680,Ben Lively,49.5,53.412027
680,681,Valente Bellozo,49.4,53.511507
681,682,Oliver Dunn,49.4,53.560505
682,683,Taylor Trammell,49.3,53.572383
683,684,Kerry Carpenter,49.2,53.578322
684,685,Alexis Díaz,49.1,53.588716
685,686,Jarred Kelenic,49.1,53.602079
686,687,JJ Bleday,49.0,53.613957
687,688,Luis Curvelo,48.9,53.6585
688,689,Kyle Stowers,48.8,53.671863
689,690,John Rave,48.8,53.731255
690,691,Darren Baker,48.7,53.732739
691,692,Matt Wallner,48.6,53.790646
692,693,Sam Moll,48.6,53.860431
693,694,Mickey Moniak,48.5,53.884187
694,695,Isaiah Campbell,48.4,53.913883
695,696,Tim Mayza,48.3,53.918337
696,697,David Hamilton,48.3,53.951002
697,698,Will Brennan,48.2,54.0683
698,699,José Quijada,48.1,54.084633
699,700,Nolan Jones,48.0,54.086117
700,701,Braden Shewmake,48.0,54.089087
701,702,Hunter Feduccia,47.9,54.117298
702,703,Keider Montero,47.8,54.151448
703,704,Will Robertson,47.7,54.221232
704,705,Shelby Miller,47.7,54.240535
705,706,Michael Siani,47.6,54.255382
706,707,Michael Helman,47.5,54.271715
707,708,Kameron Misner,47.4,54.274684
708,709,Garrett Mitchell,47.4,54.283593
709,710,Steven Matz,47.3,54.296956
710,711,Vinnie Pasquantino,47.2,54.308834
711,712,Steven Kwan,47.1,54.316258
712,713,Sean Bouchard,47.1,54.328137
713,714,Joey Loperfido,47.0,54.329621
714,715,Jake Burger,46.9,54.354863
715,716,Johan Oviedo,46.8,54.359317
716,717,Niko Kavadas,46.8,54.371195
717,718,Adrian Del Castillo,46.7,54.393467
718,719,David Fry,46.6,54.417223
719,720,Brandon Marsh,46.5,54.426132
720,721,Corey Julks,46.5,54.432071
721,722,Josh Lowe,46.4,54.43801
722,723,Dustin Harris,46.3,54.446919
723,723,Tommy Nance,46.3,54.446919
724,725,Heston Kjerstad,46.2,54.449889
725,726,Jake Meyers,46.1,54.458797
726,727,Dax Fulton,46.0,54.485523
727,728,Gavin Lux,46.0,54.501856
728,729,Will Benson,45.9,54.507795
729,730,Mark Leiter Jr.,45.8,54.527097
730,731,Jack Suwinski,45.7,54.54343
731,732,Lars Nootbaar,45.7,54.546399
732,733,Justin Topa,45.6,54.593912
733,734,Daniel Schneemann,45.5,54.599852
734,735,Connor Wong,45.4,54.660728
735,736,Trevor Larnach,45.4,54.685969
736,737,Jared Jones,45.3,54.723088
737,738,Brennan Bernardino,45.2,54.729027
738,739,Cam Booser,45.1,54.74833
739,740,Alex Jackson,45.1,54.819599
740,741,Jesus Tinoco,45.0,54.822569
741,742,Brett Wisely,44.9,54.856719
742,743,Ben Rice,44.8,54.868597
743,744,Ernie Clement,44.8,54.935412
744,745,Tyler Kinley,44.6,54.999258
745,745,Pierce Johnson,44.6,54.999258
749,747,Ryne Stanek,44.3,55.046771
748,747,Tyler Rogers,44.3,55.046771
746,747,Chris Devenski,44.3,55.046771
747,747,Addison Barger,44.3,55.046771
750,751,Michael Busch,44.2,55.088344
751,752,Shawn Armstrong,44.2,55.122494
752,753,Lane Thomas,44.1,55.167038
753,754,Spencer Horwitz,44.0,55.18931
754,755,Kendall Graveman,43.9,55.273942
755,756,Brock Stewart,43.9,55.275427
756,757,Manuel Rodríguez,43.8,55.293244
757,758,Jake McCarthy,43.7,55.317001
758,759,Alec Burleson,43.7,55.365999
759,760,Dane Myers,43.5,55.383816
760,760,Derek Hill,43.5,55.383816
761,762,Griffin Conine,43.4,55.414996
762,763,Brewer Hicklen,43.4,55.42539
763,764,Jake Rogers,43.3,55.52784
764,765,Kyle Isbel,43.2,55.588716
765,766,MJ Melendez,43.1,55.603563
766,767,Tristin English,43.1,55.677803
767,768,Kyle Tucker,43.0,55.711952
768,769,Cal Stevenson,42.9,55.734224
769,770,Gregory Soto,42.8,55.744618
770,771,DaShawn Keirsey Jr.,42.8,55.790646
771,772,James Outman,42.7,55.805494
772,773,Stuart Fairchild,42.6,55.833705
773,774,Terrin Vavra,42.5,55.838159
774,775,Brett Baty,42.5,55.894581
775,776,Lawrence Butler,42.4,55.906459
776,777,Rhylan Thomas,42.3,55.909428
777,778,Yilber Díaz,42.2,55.912398
778,779,Luis García Jr.,42.2,56.043059
779,780,Trent Grisham,42.1,56.072754
780,781,Jarren Duran,42.0,56.123237
781,782,Sean Murphy,41.9,56.2049
782,783,Richie Palacios,41.9,56.207869
783,784,Colton Cowser,41.8,56.356347
784,785,Luis Peralta,41.7,56.418708
785,786,Emiliano Teodo,41.6,56.426132
786,787,Adrian Morejon,41.6,56.481069
787,788,Brice Turang,41.5,56.512249
788,789,Nolan Gorman,41.4,56.651819
789,790,Michael Soroka,41.4,56.697847
790,791,Sal Frelick,41.3,56.739421
791,792,Brent Rooker,41.2,56.74536
792,793,Danny Jansen,41.1,56.775056
793,794,Triston Casas,41.1,56.806236
794,795,Andrew Knizner,41.0,56.827023
795,796,Will Smith,40.9,56.858203
796,797,Alek Thomas,40.8,56.923534
797,798,Gerrit Cole,40.8,57.01856
798,799,Trey Sweeney,40.7,57.22049
799,800,Tyler Callihan,40.6,57.276912
800,801,Alex Call,40.5,57.279881
801,802,Zack Short,40.5,57.370453
802,803,Antonio Senzatela,40.3,57.392725
803,803,Germán Márquez,40.3,57.392725
804,805,Alan Roden,40.2,57.633259
805,806,Kyle Manzardo,40.2,57.714922
806,807,Garrett Hampson,40.1,57.876763
807,808,Parker Meadows,40.0,57.949517
808,809,Mason McCoy,39.9,57.973274
809,810,José Leclerc,39.9,58.132146
810,811,Omar Cruz,39.8,58.152932
811,812,Derek Law,39.7,58.256867
812,813,Pete Alonso,39.6,58.267261
813,814,Miles Mastrobuoni,39.6,58.305865
814,815,Yoshinobu Yamamoto,39.5,58.317743
815,816,Kody Clemens,39.4,58.334076
816,817,Isiah Kiner-Falefa,39.3,58.386043
817,818,Javier Assad,39.3,58.492947
818,819,Chas McCormick,39.2,58.599852
819,820,Kai-Wei Teng,39.1,58.663697
820,821,Robbie Ray,39.0,58.852264
821,822,Tommy Kahnle,38.9,58.914625
822,822,Paul Sewald,38.9,58.914625
823,824,Weston Wilson,38.8,58.944321
824,825,Emilio Pagán,38.8,58.996288
825,826,Austin Hays,38.7,58.997773
826,827,Michael Tonkin,38.6,59.193764
827,828,Taylor Rogers,38.5,59.196733
828,829,Cole Sulser,38.5,59.235338
829,830,Angel Chivilli,38.4,59.325909
830,831,Michael Wacha,38.3,59.373422
831,832,Luis Severino,38.2,59.377877
832,833,Franco Aleman,38.2,59.453601
833,834,Myles Straw,38.1,59.496659
834,835,Victor Mederos,38.0,59.507053
835,836,Andrew Kittredge,37.9,59.548627
836,837,Ronel Blanco,37.9,59.594655
837,838,Framber Valdez,37.8,59.622866
838,839,Tim Hill,37.7,59.62435
839,840,Dietrich Enns,37.6,59.69265
840,841,Steven Okert,37.6,59.749072
841,842,Tristan Gray,37.5,59.781737
842,843,Chad Green,37.4,59.804009
843,844,Hoby Milner,37.3,59.839644
844,845,Nick Anderson,37.3,59.847068
845,846,Anthony DeSclafani,37.2,59.973274
846,847,Andrew Chafin,37.1,59.985152
847,848,Kevin Herget,37.0,60.007424
848,849,José Alvarado,37.0,60.044543
849,850,Dom Nuñez,36.9,60.057906
850,851,Pavin Smith,36.8,60.062361
851,852,Troy Johnston,36.7,60.080178
852,853,Gavin Sheets,36.7,60.144024
853,854,Reynaldo López,36.6,60.334076
854,855,Ranger Suárez,36.5,60.384558
855,856,Jake Bauers,36.5,60.399406
856,857,TJ Friedl,36.4,60.50631
857,858,Zach McKinstry,36.3,60.513734
858,859,Vaughn Grissom,36.2,60.636971
859,860,Reese McGuire,36.2,60.688938
860,861,Carlos Estévez,36.1,60.807721
861,862,Rece Hinds,36.0,61.233853
862,863,José Fermin,35.9,61.241277
863,864,Chase Petty,35.9,61.501114
864,865,Colby Thomas,35.8,61.570898
865,866,Tink Hence,35.7,61.793615
866,867,Eric Cerantola,35.6,61.801039
867,868,AJ Smith-Shawver,35.6,61.890126
868,869,Luke Raley,35.5,61.902004
869,870,J.P. Crawford,35.4,61.989607
870,871,Daulton Varsho,35.3,62.078693
871,872,Andrew Heaney,35.3,62.086117
872,873,Anthony Volpe,35.2,62.090572
873,874,Tyler Locklear,35.1,62.175204
874,875,Matthew Boyd,35.0,62.181143
875,876,Matt Thaiss,35.0,62.184113
876,877,Pablo López,34.9,62.200445
877,878,J.C. Escarra,34.8,62.225687
878,879,Nick Martinez,34.7,62.237565
879,880,Colin Rea,34.7,62.283593
880,881,Cody Freeman,34.6,62.301411
881,882,Ryan Noda,34.5,62.390497
882,883,Marco Raya,34.4,62.411284
883,884,Sonny Gray,34.4,62.412769
884,885,Wade Meckler,34.3,62.44098
885,886,Ben Williamson,34.2,62.495917
886,887,Ryan Pressly,34.1,62.582034
887,888,Jordan Beck,34.1,62.589458
888,889,Drew Pomeranz,34.0,62.620638
889,890,Drake Baldwin,33.9,62.623608
890,891,Carson Kelly,33.9,62.647365
891,892,Ryan McMahon,33.8,62.71418
892,893,Chase Meidroth,33.7,62.720119
893,894,Kyle Hendricks,33.6,62.785449
894,895,Rowdy Tellez,33.6,62.81069
895,896,Hunter Strickland,33.5,62.846325
896,897,Dominic Smith,33.4,62.856719
897,898,Jake Fraley,33.3,62.874536
898,899,Nathan Eovaldi,33.3,62.908686
899,900,Nathaniel Lowe,33.2,62.951745
900,901,Daniel Johnson,33.1,63.020045
901,902,Kevin Gausman,33.0,63.128434
902,903,Zach Neto,33.0,63.336303
903,904,Ryan Ritter,32.9,63.367483
904,905,Tyler Wade,32.8,63.477357
905,906,Cedric Mullins,32.7,63.636229
906,907,Justin Lawrence,32.7,63.8634
907,908,Trenton Brooks,32.6,63.945063
908,909,Nestor Cortes,32.5,64.010393
909,910,Seth Lugo,32.4,64.086117
910,911,Dalton Rushing,32.4,64.228656
911,912,Frankie Montas,32.3,64.264291
912,913,Shinnosuke Ogasawara,32.2,64.386043
913,914,Yainer Diaz,32.1,64.484039
914,915,Scott Kingery,32.1,64.558278
915,916,Brent Suter,32.0,64.731997
916,917,Dansby Swanson,31.9,64.785449
917,918,Danny Coulombe,31.8,65.020045
918,919,Jesús Luzardo,31.8,65.023014
919,920,Kevin Newman,31.7,65.040831
920,921,Cody Bellinger,31.6,65.253155
921,922,Joe Jiménez,31.6,65.276912
922,923,Eli White,31.5,65.303638
923,924,Drew Millas,31.4,65.367483
924,925,Edgardo Henriquez,31.3,65.374907
925,926,Jonathan Loáisiga,31.3,65.646622
926,927,Paul DeJong,31.2,65.6585
927,928,Adley Rutschman,31.1,65.667409
928,929,José Urquidy,31.0,65.671863
929,930,Anthony Seigler,31.0,65.680772
930,931,Byron Buxton,30.9,65.69562
931,932,Anthony Molina,30.8,65.786192
932,933,Chandler Simpson,30.7,65.824796
933,934,Jerar Encarnacion,30.7,65.927246
934,935,Carlos Cortes,30.6,66.093541
935,936,Wikelman González,30.5,66.155902
936,937,Taylor Ward,30.4,66.182628
937,938,Chris Bassitt,30.4,66.233111
938,939,Michael Arias,30.3,66.247958
939,940,Miles Mikolas,30.2,66.258352
940,941,Merrill Kelly,30.1,66.439495
941,942,Jace Jung,30.1,66.515219
942,943,Jeremy Peña,30.0,66.521158
943,944,Yuki Matsui,29.9,66.636971
944,945,Graham Pauley,29.8,66.674091
945,946,Tyrone Taylor,29.8,66.740906
946,947,Harrison Bader,29.7,66.81366
947,948,Fernando Tatis Jr.,29.6,66.835932
948,949,Victor Scott II,29.5,66.936897
949,950,José Ureña,29.5,66.938382
950,951,Otto Lopez,29.4,66.962138
951,952,Corbin Carroll,29.3,67.199703
952,953,Blake Treinen,29.3,67.299183
953,954,Gunnar Henderson,29.2,67.328879
954,955,Michael Harris II,29.1,67.35709
955,956,Winston Santos,29.0,67.401633
956,957,Riley Greene,29.0,67.510022
957,958,Ryan Brasier,28.8,67.539718
958,958,Jacob Melton,28.8,67.539718
959,960,CJ Abrams,28.7,67.55902
960,961,Patrick Bailey,28.7,67.564959
961,962,Ezequiel Duran,28.6,67.575353
962,963,José Fermín,28.5,67.618411
963,964,Jakob Marsee,28.4,67.704529
964,965,Ty France,28.4,67.820341
965,966,Jose Trevino,28.3,67.970304
966,967,Grant McCray,28.2,68.060876
967,968,Caden Dana,28.1,68.106904
968,969,Christopher Morel,28.1,68.325167
969,970,Matt Chapman,27.9,68.414254
970,970,Esteury Ruiz,27.9,68.414254
971,972,Tyler Anderson,27.8,68.494432
972,973,Victor Robles,27.8,68.510765
973,974,Nick Sogard,27.7,68.527097
974,975,Dylan Carlson,27.6,68.553823
975,976,Austin Hedges,27.5,68.706756
976,977,Wander Suero,27.5,68.948775
977,978,Zack Wheeler,27.4,69.128434
978,979,Logan Davidson,27.3,69.210097
979,980,Cal Raleigh,27.2,69.213066
980,981,Ryan Fitzgerald,27.2,69.545657
981,982,Josh Rojas,27.1,69.547142
982,983,Drew Waters,27.0,69.7951
983,984,Connor Joe,26.9,69.826281
984,985,Michael Toglia,26.9,69.956941
985,986,Dylan Moore,26.8,70.237565
986,987,Trevor Story,26.7,70.2732
987,988,Corey Seager,26.7,70.421678
988,989,Mookie Betts,26.6,70.436526
989,990,Yennier Cano,26.5,70.519673
990,991,Bryan De La Cruz,26.4,70.607275
991,992,Carlos Narváez,26.4,70.978471
992,993,Blake Perkins,26.3,71.005197
993,994,Rhys Hoskins,26.2,71.039347
994,995,Heriberto Hernandez,26.1,71.172977
995,996,Caleb Thielbar,26.1,71.299183
996,997,Pedro Pagés,26.0,71.321455
997,998,Austin Slater,25.9,71.374907
998,999,Ronald Acuña Jr.,25.8,71.420935
999,1000,William Contreras,25.8,71.444692
1000,1001,Isaac Collins,25.7,71.455085
1001,1002,Edwin Díaz,25.6,71.553081
1002,1003,Chris Martin,25.5,71.732739
1003,1004,Trea Turner,25.5,71.734224
1004,1005,LaMonte Wade Jr.,25.4,71.808463
1005,1006,Andrew Benintendi,25.3,71.850037
1006,1007,Daniel Espino,25.2,71.945063
1007,1008,Matt Olson,25.2,71.952487
1008,1009,Brandon Lowe,25.1,72.0683
1009,1010,Angel Bastardo,25.0,72.130661
1010,1011,Jake Cronenworth,24.9,72.164811
1011,1012,Jesse Winker,24.9,72.351893
1012,1013,Brooks Raley,24.8,72.457313
1013,1014,Patrick Corbin,24.7,72.460282
1014,1015,Juan Soto,24.6,72.492947
1015,1016,Nathan Lukes,24.6,72.501856
1016,1017,Alex Cobb,24.5,72.585004
1017,1018,Dylan Crews,24.4,72.648849
1018,1019,Alexander Canario,24.4,72.726058
1019,1020,Jesús Sánchez,24.3,72.775056
1020,1021,Xavier Edwards,24.2,72.927988
1021,1022,Willy Adames,24.1,72.929473
1022,1023,Chris Sale,24.1,73.020045
1023,1024,Jean Cabrera,24.0,73.064588
1024,1025,Kristian Campbell,23.9,73.082405
1025,1026,Rafael Montero,23.8,73.18931
1026,1027,Coby Mayo,23.8,73.262064
1027,1028,Cal Quantrill,23.7,73.351151
1028,1029,Michael Petersen,23.6,73.585746
1029,1030,Cristian Mena,23.5,73.602079
1030,1031,Mickey Gasper,23.5,73.801039
1031,1032,Justin Wilson,23.4,73.811433
1032,1033,Amed Rosario,23.3,73.921307
1033,1034,Yimi García,23.2,74.078693
1034,1035,Oneil Cruz,23.2,74.323682
1035,1036,Andrés Chaparro,23.1,74.368226
1036,1037,Yohel Pozo,23.0,74.374165
1037,1038,Jordan Lawlar,22.9,74.656273
1038,1039,Carlos Rodriguez,22.9,74.666667
1039,1040,Matt Shaw,22.8,74.691908
1040,1041,Garrett Stubbs,22.7,74.870082
1041,1042,José Berríos,22.6,74.926503
1042,1043,Jordan Walker,22.6,74.98441
1043,1044,Oswald Peraza,22.5,74.994803
1044,1045,Ali Sánchez,22.4,75.040831
1045,1046,Wyatt Langford,22.3,75.22346
1046,1047,Kenedy Corona,22.3,75.239792
1047,1048,Gleyber Torres,22.2,75.259094
1048,1049,Kyren Paris,22.1,75.406088
1049,1050,Enmanuel Valdez,22.0,75.582777
1050,1051,Nick Yorke,22.0,75.619896
1051,1052,Andruw Monasterio,21.9,75.717892
1052,1053,Luinder Avila,21.8,75.893096
1053,1054,Thomas Saggese,21.8,75.913883
1054,1055,Gabriel Moreno,21.7,75.974759
1055,1056,Kyle Teel,21.6,76.028211
1056,1057,Jairo Iriarte,21.5,76.310319
1057,1058,Brice Matthews,21.5,76.503341
1058,1059,Jacob Wilson,21.4,76.547884
1059,1060,Maikel Garcia,21.3,76.724573
1060,1061,Masyn Winn,21.2,77.048255
1061,1062,Manny Machado,21.2,77.101707
1062,1063,Bryce Johnson,21.1,77.204157
1063,1064,Jake Mangum,21.0,77.336303
1064,1065,Eduardo Rodriguez,20.9,77.352635
1065,1066,Michael Conforto,20.9,77.616927
1066,1067,Taylor Walls,20.8,77.631774
1067,1068,Aaron Judge,20.7,77.713437
1068,1069,Ryan O'Hearn,20.6,77.847068
1069,1070,Jordan Romano,20.6,77.857461
1070,1071,Adam Macko,20.5,77.907944
1071,1072,Santiago Espinal,20.4,77.982183
1072,1073,Brandon Nimmo,20.3,78.37268
1073,1074,Luis Torrens,20.3,78.421678
1074,1075,Gabriel Arias,20.2,78.476615
1075,1076,Randal Grichuk,20.1,78.622123
1076,1077,Wilyer Abreu,20.0,78.702301
1077,1078,Jacob deGrom,20.0,78.754269
1078,1079,Lenyn Sosa,19.9,78.91314
1079,1080,Tommy Edman,19.8,79.076466
1080,1081,Jose Siri,19.7,79.238307
1081,1082,Mike Trout,19.7,79.282851
1082,1083,Bryan Reynolds,19.6,79.639198
1083,1084,Andrés Giménez,19.5,79.674833
1084,1085,Pedro León,19.5,79.708983
1085,1086,Max Scherzer,19.4,79.808463
1086,1087,Jhonny Pereda,19.3,79.930215
1087,1088,Alejandro Kirk,19.2,79.949517
1088,1089,Jonah Heim,19.2,79.973274
1089,1090,Zac Veen,19.1,80.071269
1090,1091,Robert Hassell III,19.0,80.118782
1091,1092,Ryan Johnson,18.9,80.282108
1092,1093,Sam Aldegheri,18.9,80.331106
1093,1094,Colt Keith,18.8,80.411284
1094,1095,Pete Crow-Armstrong,18.7,80.44098
1095,1096,Tyler Soderstrom,18.6,80.50631
1096,1097,Jorge Mateo,18.6,80.592428
1097,1098,Charlie Morton,18.5,80.617669
1098,1099,Huascar Brazobán,18.4,80.641425
1099,1100,Nick Pivetta,18.3,80.794358
1100,1101,Rafael Devers,18.3,80.822569
1101,1102,Andry Lara,18.2,80.867112
1102,1103,Nolan Schanuel,18.1,80.929473
1103,1104,Jose Miranda,18.0,81.08389
1104,1105,Justin Verlander,18.0,81.132888
1105,1106,Miguel Andujar,17.9,81.135857
1106,1107,Clayton Kershaw,17.8,81.199703
1107,1108,Luis Castillo,17.7,81.28879
1108,1109,Colson Montgomery,17.7,81.483296
1109,1110,Petey Halpin,17.6,81.56199
1110,1111,Ian Happ,17.5,81.697105
1111,1112,Thairo Estrada,17.4,81.749072
1112,1113,Miguel Amaya,17.4,81.873794
1113,1114,Yoniel Curet,17.3,82.043059
1114,1115,Jhonkensy Noel,17.2,82.103935
1115,1116,Wandy Peralta,17.1,82.105419
1116,1117,Robert Suarez,17.1,82.383073
1117,1118,Cooper Hummel,17.0,82.538976
1118,1119,Luis Robert Jr.,16.9,82.81663
1119,1120,Eury Pérez,16.8,83.070527
1120,1120,Jose Corniell,16.8,83.070527
1121,1122,Henry Baez,16.7,83.08389
1122,1123,Isaac Paredes,16.6,83.272457
1123,1124,Johan Rojas,16.6,83.449146
1124,1125,Julio Rodríguez,16.5,83.584261
1125,1126,Roki Sasaki,16.4,83.652561
1126,1127,Rob Zastryzny,16.3,83.959911
1127,1128,Wade Miley,16.3,84.017817
1128,1129,Sem Robberse,16.2,84.432071
1129,1130,Shota Imanaga,16.1,84.460282
1130,1131,Miguel Vargas,16.0,84.466221
1131,1132,Luis Arraez,16.0,84.579065
1132,1133,Brooks Lee,15.9,84.74833
1133,1134,Nolan Arenado,15.8,84.889384
1134,1135,Iván Herrera,15.7,84.971047
1135,1136,Austin Wynns,15.7,85.088344
1136,1137,Luis Urías,15.6,85.115071
1137,1138,Vladimir Guerrero Jr.,15.5,85.146251
1138,1139,Liover Peguero,15.4,85.221975
1139,1140,Mitch Garver,15.4,85.224944
1140,1141,Luis Vázquez,15.3,85.315516
1141,1142,J.T. Realmuto,15.2,85.318486
1142,1143,Christian Yelich,15.1,85.423905
1143,1144,Jeff McNeil,15.1,85.441722
1144,1145,Adam Frazier,15.0,85.45954
1145,1146,Luke Maile,14.9,85.521901
1146,1147,Brooks Baldwin,14.8,85.585746
1147,1148,Tucupita Marcano,14.8,85.605048
1148,1149,Tom Murphy,14.7,85.838159
1149,1150,Freddy Fermin,14.6,85.903489
1150,1151,Orlando Arcia,14.6,85.982183
1151,1152,Héctor Neris,14.5,86.023756
1152,1153,Heliot Ramos,14.4,86.169265
1153,1154,Kris Bryant,14.3,86.314774
1154,1155,Johnathan Rodríguez,14.3,86.501856
1155,1156,Kyle Farmer,14.2,86.596882
1156,1157,Marcus Semien,14.1,86.607275
1157,1158,Denzel Clarke,14.0,86.666667
1158,1159,Chris Taylor,14.0,86.993318
1159,1160,Michael A. Taylor,13.9,87.348181
1160,1161,Joc Pederson,13.8,87.616927
1161,1162,Liam Hicks,13.7,87.809948
1162,1163,José Caballero,13.7,88.109874
1163,1164,Albert Suárez,13.6,88.164811
1164,1165,Everson Pereira,13.5,88.191537
1165,1166,Christian Walker,13.4,88.293987
1166,1167,Ramón Laureano,13.4,88.579065
1167,1168,Nasim Nuñez,13.3,88.721604
1168,1169,José Tena,13.2,89.587231
1169,1170,Luis Perales,13.1,89.633259
1170,1171,Moisés Chace,13.1,90.985895
1171,1172,Agustín Ramírez,13.0,91.276912
1172,1173,Gary Sánchez,12.9,91.553081
1173,1174,Luke Keaschall,12.8,91.560505
1174,1175,Kodai Senga,12.8,91.587231
1175,1176,Brady House,12.7,91.59614
1176,1177,Yordan Alvarez,12.6,91.608018
1177,1178,Edmundo Sosa,12.5,91.673348
1178,1179,Vidal Bruján,12.5,91.698589
1179,1180,Joe Elbis,12.4,92.100965
1180,1181,Bradgley Rodriguez,12.3,92.114328
1181,1182,Cam Smith,12.2,92.451373
1182,1183,Kyle Higashioka,12.2,92.605791
1183,1184,Sam Haggerty,12.1,92.812175
1184,1185,Ezequiel Tovar,12.0,92.889384
1185,1186,Steward Berroa,12.0,93.003712
1186,1187,Max Muncy,11.9,93.129918
1187,1188,Edouard Julien,11.8,93.150705
1188,1189,Bo Naylor,11.7,93.193764
1189,1190,Nacho Alvarez Jr.,11.7,93.291759
1190,1191,James McCann,11.6,93.370453
1191,1192,Austin Nola,11.5,93.45954
1192,1193,Jon Berti,11.4,93.523385
1193,1194,George Springer,11.4,93.608018
1194,1195,Christian Moore,11.3,93.685226
1195,1196,Jazz Chisholm Jr.,11.2,93.778768
1196,1197,Teoscar Hernández,11.1,94.345954
1197,1198,Ji Hwan Bae,11.1,94.399406
1198,1199,Hyeseong Kim,11.0,94.467706
1199,1200,Carlos Rodríguez,10.9,94.623608
1200,1201,Jonathan Aranda,10.8,94.98441
1201,1202,Anthony Rendon,10.8,95.042316
1202,1203,Jung Hoo Lee,10.7,95.147736
1203,1204,Wenceel Pérez,10.6,95.211581
1204,1205,Tirso Ornelas,10.5,95.39124
1205,1206,César Salazar,10.5,95.403118
1206,1207,Matt Koperniak,10.4,95.492205
1207,1208,Oswaldo Cabrera,10.3,95.600594
1208,1209,Mike Tauchman,10.2,95.792131
1209,1210,Orelvis Martinez,10.2,95.838159
1210,1211,Randy Arozarena,10.1,95.850037
1211,1212,Jorbit Vivas,10.0,95.855976
1212,1213,Josh Naylor,9.9,95.857461
1213,1214,Mike Yastrzemski,9.9,95.867854
1214,1215,Carlos Correa,9.8,95.96882
1215,1216,Tyler Black,9.7,96.038604
1216,1217,Ronny Simon,9.7,96.059391
1217,1218,Geraldo Perdomo,9.6,96.489978
1218,1219,Keibert Ruiz,9.5,96.634001
1219,1220,Ha-Seong Kim,9.4,96.827023
1220,1221,Marcelo Mayer,9.4,96.917595
1221,1222,Leo Rivas,9.3,97.461024
1222,1223,Drew Romo,9.2,97.775798
1223,1224,Raisel Iglesias,9.1,97.887157
1224,1225,Brendan Donovan,9.1,97.948033
1225,1226,Daylen Lile,9.0,97.955457
1226,1227,Travis d'Arnaud,8.9,98.176689
1227,1228,Luis García,8.8,98.203415
1228,1229,Warming Bernabel,8.8,98.64588
1229,1230,Jac Caglianone,8.7,98.671121
1230,1231,Andy Pages,8.6,98.773571
1231,1232,Rafael Marchán,8.5,98.778025
1232,1233,James Wood,8.5,98.84484
1233,1234,Seiya Suzuki,8.4,99.21752
1234,1235,Fernando Cruz,8.3,99.348181
1235,1236,Noelvi Marte,8.2,99.557535
1236,1237,Matthew Lugo,8.2,99.600594
1237,1238,Mark Canha,8.1,99.610987
1238,1239,Endy Rodríguez,8.0,99.677803
1239,1240,Jackson Merrill,7.9,99.921307
1240,1241,Nick Kurtz,7.9,100.03118
1241,1242,Kevin Alcántara,7.8,100.075724
1242,1243,Cole Young,7.7,100.097996
1243,1244,Evan Carter,7.6,100.181143
1244,1245,Martín Pérez,7.6,100.64291
1245,1246,Ceddanne Rafaela,7.5,101.339272
1246,1247,Luis Rengifo,7.4,101.533779
1247,1248,Josh Bell,7.3,101.597624
1248,1249,Leo Jiménez,7.3,102.1366
1249,1250,Francisco Alvarez,7.2,102.139569
1250,1251,Alex Freeland,7.1,102.783964
1251,1252,Giancarlo Stanton,7.1,103.324425
1252,1253,Curtis Mead,7.0,103.551596
1253,1254,Jose Herrera,6.9,103.655531
1254,1255,Chase Burns,6.8,103.732739
1255,1256,Freddie Freeman,6.8,104.754269
1256,1257,Marco Luciano,6.7,105.551596
1257,1258,Luisangel Acuña,6.6,106.690423
1258,1259,Liam Hendriks,6.5,107.168523
1259,1260,Tomoyuki Sugano,6.5,107.894581
1260,1261,Luis Matos,6.4,108.087602
1261,1262,Yusei Kikuchi,6.3,109.072012
1262,1263,Jared Young,6.2,109.201188
1263,1264,Paul Goldschmidt,6.2,109.452116
1264,1265,Lourdes Gurriel Jr.,6.1,109.86637
1265,1266,Ramón Urías,6.0,110.302895
1266,1267,Tommy Pham,5.9,110.47216
1267,1268,Roman Anthony,5.9,110.78248
1268,1269,Jackson Holliday,5.8,111.618411
1269,1270,Mauricio Dubón,5.7,111.640683
1270,1271,Erasmo Ramírez,5.6,112.063846
1271,1272,Carlos Carrasco,5.6,113.048255
1272,1273,Gustavo Campero,5.5,113.538233
1273,1274,Tsung-Che Cheng,5.4,114.436526
1274,1275,Ronny Mauricio,5.3,114.510765
1275,1276,Andy Ibáñez,5.3,114.585004
1276,1277,Jose Quintana,5.2,114.743875
1277,1278,Andrew McCutchen,5.1,115.064588
1278,1279,Willson Contreras,5.0,115.909428
1279,1280,Bryan Ramos,5.0,116.097996
1280,1281,Anthony Santander,4.9,116.356347
1281,1282,Adolis García,4.8,116.659243
1282,1283,Ozzie Albies,4.8,116.87899
1283,1284,Willi Castro,4.7,117.027468
1284,1285,Junior Caminero,4.6,117.431329
1285,1286,Abraham Toro,4.5,117.893096
1286,1287,Jared Serna,4.5,118.264291
1287,1288,Dairon Blanco,4.4,118.322197
1288,1289,Wilmer Flores,4.3,118.374165
1289,1290,Tyler Heineman,4.2,118.945805
1290,1291,Darell Hernaiz,4.2,118.987379
1291,1292,Javier Báez,4.1,119.750557
1292,1293,Ketel Marte,4.0,120.246474
1293,1294,Justin Turner,3.9,120.305865
1294,1295,Deyvison De Los Santos,3.9,120.936897
1295,1296,Xander Bogaerts,3.8,121.951002
1296,1297,Aroldis Chapman,3.7,121.961396
1297,1298,Jorge Barrosa,3.6,123.216036
1298,1299,Kirby Yates,3.6,123.775798
1299,1300,Eugenio Suárez,3.5,126.219748
1300,1301,Brayan Rocchio,3.4,126.712695
1301,1302,Marcell Ozuna,3.3,127.820341
1302,1303,Victor Mesa Jr.,3.3,128.218263
1303,1304,Jonatan Clase,3.2,130.146993
1304,1305,Elias Díaz,3.1,130.734967
1305,1306,Jorge Soler,3.0,131.006682
1306,1307,Yandy Díaz,3.0,131.110616
1307,1308,Jeferson Quero,2.9,131.735709
1308,1309,Owen Caissie,2.8,131.76095
1309,1310,Yoán Moncada,2.7,132.0
1310,1311,Didier Fuentes,2.7,132.071269
1311,1312,Yu Darvish,2.6,132.215293
1312,1313,Jorge Polanco,2.5,132.873051
1313,1314,Jhostynxon Garcia,2.4,133.352635
1314,1315,Enrique Hernández,2.4,133.915367
1315,1316,Starling Marte,2.3,133.940609
1316,1317,Javier Sanoja,2.2,133.96585
1317,1318,Emmanuel Rodriguez,2.2,133.980698
1318,1319,Maximo Acosta,2.1,135.030438
1319,1320,Masataka Yoshida,2.0,135.374907
1320,1321,Gio Urshela,1.9,135.855976
1321,1322,Juan Brito,1.9,136.243504
1322,1323,Angel Martínez,1.8,136.464736
1323,1324,Max Kepler,1.7,137.847068
1324,1325,Shohei Ohtani,1.6,138.953229
1325,1326,Jose Altuve,1.6,139.523385
1326,1327,Elly De La Cruz,1.5,141.553081
1327,1328,Salvador Perez,1.4,142.47513
1328,1329,Christian Vázquez,1.3,143.766889
1329,1330,Rob Refsnyder,1.3,145.940609
1330,1331,Victor Caratini,1.2,147.478842
1331,1332,Miguel Rojas,1.1,148.458797
1332,1333,Jackson Chourio,1.0,153.01559
1333,1334,Jose Iglesias,1.0,154.120267
1334,1335,Francisco Lindor,0.9,155.011136
1335,1336,Yanquiel Fernández,0.8,158.681514
1336,1337,Moisés Ballesteros,0.7,160.665182
1337,1338,Alejandro Osuna,0.7,162.43801
1338,1339,Kenley Jansen,0.6,162.994803
1339,1340,Adael Amador,0.5,163.232368
1340,1341,Jasson Domínguez,0.4,164.173719
1341,1342,Jurickson Profar,0.4,171.024499
1342,1343,Ildemaro Vargas,0.3,177.956941
1343,1344,Martín Maldonado,0.2,182.81663
1344,1345,Edgar Quero,0.1,186.994803
1345,1346,Donovan Solano,0.1,187.045286
1346,1347,Sandy León,0.0,203.96882
